{
  "ours": {
    "name": "Ours (Heuristic)",
    "n_runs": 80,
    "collision_rate": 0.15,
    "collision_count_mean": 0.5875,
    "collision_count_std": 1.6100756969782508,
    "overtake_success_rate": 0.2375,
    "avg_speed_mean": 42.16830582532856,
    "avg_speed_std": 6.90607637857989,
    "min_gap_mean": 15.294112212659218,
    "min_gap_std": 13.565147844893596,
    "min_gap_5pct": 0.9254612240117746,
    "min_lateral_mean": 0.03416902033970874,
    "min_lateral_std": 0.030937411542891,
    "planner_fail_mean": 3.375,
    "ot_time_mean": 8.881578947368421,
    "ot_time_std": 3.2526491440506815
  },
  "no_tactical": {
    "name": "No Tactical",
    "n_runs": 80,
    "collision_rate": 0.425,
    "collision_count_mean": 1.75,
    "collision_count_std": 2.315707235381882,
    "overtake_success_rate": 0.5125,
    "avg_speed_mean": 44.0606368118237,
    "avg_speed_std": 7.198596193500044,
    "min_gap_mean": 12.965430595184108,
    "min_gap_std": 14.951609107110235,
    "min_gap_5pct": 0.31639049067648556,
    "min_lateral_mean": 0.04839362871268566,
    "min_lateral_std": 0.06318453241063347,
    "planner_fail_mean": 3.25,
    "ot_time_mean": 7.280487804878049,
    "ot_time_std": 2.5695775976488986
  },
  "game_theory": {
    "name": "Game Theory",
    "n_runs": 80,
    "collision_rate": 0.4,
    "collision_count_mean": 2.5125,
    "collision_count_std": 3.7549758654350898,
    "overtake_success_rate": 0.3625,
    "avg_speed_mean": 43.06122736784538,
    "avg_speed_std": 7.054928463621724,
    "min_gap_mean": 13.738906648601304,
    "min_gap_std": 14.558799736996933,
    "min_gap_5pct": 0.4328213674711617,
    "min_lateral_mean": 0.031890186620774516,
    "min_lateral_std": 0.02932021013990474,
    "planner_fail_mean": 3.6,
    "ot_time_mean": 8.275862068965518,
    "ot_time_std": 3.0038372209459934
  }
}